ProcessName,RegionName,Unit,2024,2025,2030,2040,2050,2060
heatpump,R1,PJ/y,0,0,0,0,0,0
gasboiler,R1,PJ/y,15,12,0.000000001,0.000000001,0.000000001,0.000000001
